index,key,value
0,31_54_2087_IDC_0_3_4_4_1_0,0.00073286
1,63_47_2086_IDC_0_3_4_4_1_0,0.002434896
2,39_47_6080_IDC_1_3_4_4_1_0,0.000310927
3,13_54_2087_IDC_0_3_4_4_1_0,0.000457231
4,14_54_2083_IDC_0_3_4_4_1_0,0.000511328
5,8_54_2088_IDC_0_3_4_4_1_0,0.00042636
6,27_54_2085_IDC_0_3_4_4_1_0,0.000602015
7,30_54_2081_IDC_1_3_4_4_1_0,0.000652032
8,4_54_2083_IDC_0_3_4_4_1_0,0.000313379
9,68_47_2074_IDC_0_3_4_3_1_4,1.0032295